,timestamp,id,like_count,comments_count,caption,media_type,engagement,impressions,reach
0,2021-03-02T11:45:56+0000,,19,1,"大家好！我們是 #日本留學應援站 📣

在新冠肺炎肆虐全球的情況下，留學、旅遊可能是遙不可及的夢想😞
但待疫情退燒後，想必又會掀起一陣留學潮！

我們🎓日本留學應援站🎓由一群正在日本讀大學的台灣學生組成，
不只介紹留學日本所需的準備事項與手續，
大學、獎學金資訊及留學生活的點滴也會一併分享，
希望可以幫助對日本留學有憧憬，並想要挑戰的高中生、大學生們！
也希望大家在看完貼文後，能更有勇氣去實現自己的留學夢✈️

有任何問題都可以私訊或留言告訴我們，
我們都會盡力回覆！

之後會有更多關於獎學金的資訊，
記得按下追蹤，關注我們呦🥰",CAROUSEL_ALBUM,23,348,256
1,2021-03-03T14:37:58+0000,,35,1,"國外留學難免需要支出，想必許多人會申請獎學金來減輕負擔💰
而日本留學有許多民間及公家機關提供的獎學金可以申請，
今天應援站要介紹的是日本台灣交流協會提供的學部獎學金💸

交流協會學部獎學金主要提供給22歲以下，
並且有意願至日本國立大學留學的台灣學生🇹🇼
而且每年原則上只錄取十個人😱

另外，交流協會學部獎學金不只補助國立大學的全額學費，
一個月更補助接近十二萬日幣的生活費，
算一算總額竟然將近日幣一千萬元，實在相當可觀！😳

題外話，小編之前有幸考上這個獎學金，
一個月領這些錢真的可以不愁吃穿，
深深覺得感謝日本公民的納稅錢讓我能過這麼舒適的生活☺️（x

後面幾張圖片有附上詳細的申請流程，有意申請的大家可以參考看看！
如果有任何問題，也歡迎在下面留言或私訊我們唷😉

#留學不吃土",CAROUSEL_ALBUM,52,557,409
2,2021-03-04T12:30:24+0000,,34,1,"當學生逃不了考試，日本留學當然也不例外😩
今天應援站要介紹的是大多數留日學生都需要考的
✏️日本留學試驗（EJU，日本留学試験）✏️

日本留學試驗可以說是個必考的考試，
無論是申請獎學金，或是申請大學、研究所，
都會用這個考試成績當作學科能力的指標📚

至於考試本身，
文科通常選擇應考日本語、數學一與綜合科目（史地政經），
理科應考日本語、數學二與理科🧪（物化生選兩科）
除了日本語以外，其他考科都可以選擇以日文或英文應考

小編覺得無論難易度如何，準備考試的過程都很痛苦🤢考生們都辛苦了！！！

如果有任何關於留學試驗的問題，
歡迎在下面留言或私訊我們唷💪

#eju準備",CAROUSEL_ALBUM,55,439,310
3,2021-03-05T13:33:03+0000,,20,1,"有鑒於最近剛好是交流協會學部獎學金的複試準備期間，
今天的交協獎學金系列就要來介紹
假使有幸通過初試之後，需要準備哪些資料📄

複試所需資料大致分為八項，
依序是複試申請書、高中畢業學校校長推薦函、
高中全學年成績單（還沒畢業就交五學期成績單）、
高中畢業證書 / 預定畢業證明書、健康診斷書、
誓約書、護照・身分證影本及語言能力證明✏️

特別需要注意的是，如果校長推薦函是以中文書寫，
需要自行附上日文翻譯✍️
自己翻其實也沒問題，但如果怕翻不好，也可以找專業的翻譯
還有，語言證明並沒有一定要繳交，
但如果有亮眼的成績，想必能幫自己加分💯

另外也特別叮嚀，複試申請書會與面試內容有很大的關聯性，
建議一定要好好填寫，並熟悉自己所寫的內容與想法💭

當初小編在寫校長推薦函（沒錯是自己寫完再拿去給秘書請校長蓋章🤫）的時候，
真的說之以禮、動之以情，寫到覺得自己都害羞了起來😳（？
把自己的優點與能力盡全力展現出來就對了💮

如果大家對複試需要準備的資料有什麼疑問，
都歡迎留言或私訊我們唷～
考生加油！！！！💪

#留學不吃土",CAROUSEL_ALBUM,30,435,313
4,2021-03-06T09:33:14+0000,,15,1,"上次的留學試驗系列介紹了日本留學試驗的大致考科與難度，
今天應援站將針對日本語這科做更詳細的說明💬

日本語科目是留學試驗的第一科，
主要測試考生的聽、讀、寫能力✏️
以記述拉開序幕，接下來測驗讀解，
最後為聽解與聽讀解，測驗中間沒有休息時間❌😣

首先登場的記述將測驗考生的寫作能力，
須在三十分鐘內寫完四百至五百字的作文✏️
題目類型可以分成三種，難易度也有所差異
答題時考官注重的是條理分明的邏輯與論述，
不需使用太難的文法，足夠的詞彙量與恰當的說明、舉例就可以拿高分💯

接下來是讀解，顧名思義考驗大家的閱讀理解力🧐📖
問題量相當多，乍看之下可能會覺得慌
但只要熟悉架構並不斷練習，
掌握訣竅後就可以順順地完成答題啦！

最後上場的聽解與聽讀解測試考生的專注力與筆記能力（因為考到這時候大部分人都已經精神渙散了🤢）
聽題目時切勿分心，更不可以為了做筆記漏聽，
寫下關鍵字輔助記憶，並注意轉折的語助詞即可👌
跟其他考科一樣，多聽日文、多寫考古題就可以掌握訣竅了！

小編記得考日文的時候宛如跟自己的意志力與專注力的戰爭👊
考到中午已經超累⋯⋯（但下午還有兩科😪

如果有任何問題都可以留言或私訊我們呦～

#eju準備",CAROUSEL_ALBUM,28,390,275
5,2021-03-07T10:54:50+0000,,27,1,"不僅是獎學金複試，在日本各大學的選考中，
面試是相當容易出現的考試項目🗣
這次應援站會告訴大家參加面試時可以運用的技巧與注意事項，
讓大家準備、應考時能更有方向⭕️

想說出有說服力的好故事，
最首要的就是要有積極的態度與強烈的動機💪
可以試著將話題導向自己熱衷的事物，
會更容易展現自己的企圖心

另外，在準備時可以寫逐字稿，並找日本人練習
但背稿唸出是大忌❌
一定要將內容消化成自己的東西，不然一下子就會被面試官發現了😱

還有，可以多多參考面試禮儀的影片
熟悉基本禮儀就可以為自己的印象分數加分！
尤其日本人本來就注重禮貌，因此更不能忽視這些小細節🙇🏻‍♀️

面試時難免每一步都戰戰兢兢的，但展現出自己的自信與意願，相信考官都看得見的！☺️

有任何問題都可以私訊或留言唷～

#留學不吃土",CAROUSEL_ALBUM,48,454,315
6,2021-03-08T10:00:46+0000,,25,1,"相信大家在選參考書時常常備感困惑，不知道該挑什麼比較合適😖
今天應援站將針對日本語考科，
介紹我們在應考時使用過，並覺得有幫助的參考書
讓大家在挑選時可以當作參考💡

首先，關於記述問題，很多考生都會使用凡人社發行的
『日本留学試験対策　記述問題テーマ100』
這本參考書又分為 基礎篇 與 完成篇 ，
不僅題型齊全、內容由淺入深，
還附有範例文章，能藉此觀摩好架構與好句型✏️
除此之外，完成篇的內容更涵蓋小論文與志願理由的寫作建議，
是一本在考完留學試驗後也能派上用場的書籍👍

至於讀解與聽解，可以說是除了練習以外別無進步方法❌
建議大家可以到交流協會的圖書室借考古題來寫（就不用自己買書，能省下一大筆錢💰）
也可以參考第四、五張圖片所列的書籍
這些書因為題目很多，相當適合刷題
只要多刷題就會越寫越順👌！

特別提醒大家，寫讀解一定要計時⏱！！
平常以一定的速度解題，習慣時間的緊迫感，
有助於考試時比較不容易失常唷💪（就跟其他升學大考一樣～）

以上介紹的書籍都可以於Amazon訂購，也可以到紀伊國屋書店等等的日系書店找找
如果有任何問題都可以私訊或留言告訴我們喔😉

#eju準備",CAROUSEL_ALBUM,44,388,261
7,2021-03-09T14:21:06+0000,,21,1,"上次的獎學金系列介紹了面試技巧，
今天應援站將介紹我們在交流協會獎學金複試時被問的問題，
希望讓大家準備時更有方向與想法👍

在面試中有些問題特別容易被問到，
例如自我介紹、日文學習經歷及自身未來規劃等等🧐
另外，正因為是要給你一大筆錢去日本留學，
面試官想聽見你的動機與決心，
一定要夠強烈，讓面試官感受到你的真心與誠意才行！💪

但其實交流協會的面試沒有一定的流程❌
在日後與其他同屆獎學金生討論後，
才發現每個人被問的問題都很不一樣，面試的氛圍也不盡相同😧
有些人被問對於日本熱衷的事物，有些人被問未來的詳細規劃，
也有些人被質疑怎麼考試考得這麼差（也就是小編我本人😢）

這樣看似沒有明確的準備方向，
但唯一可以確定的是面試官會詳細閱讀申請書所寫的文字，
並針對其中內容作延伸發問💬
建議可以不停地問自己為什麼寫了這些內容，釐清答案間的因果關係
不僅能在面對面試官時更從容應答，也是個思考自己未來的好機會喔🧭

有任何問題都可以私訊或留言唷☺️

#留學不吃土",CAROUSEL_ALBUM,35,394,277
8,2021-03-10T13:19:20+0000,,24,1,"之前介紹了共通科目的日本語，
這次應援站將介紹文組科目的準備要點與建議✔️
理組的同學也不擔心！之後會有理組相關的內容，還請大家稍等🙇🏻‍♀️

文組科目主要包含綜合科目與數學Ｉ
考試時間都是80分鐘🕑
首先，綜合科目包括經濟、歷史、地理及政治，題型為4選1的選擇題
雖然內容很多都僅是高中範圍的一部分，但其實唸起來範圍相當廣😵
建議可以多看圖表、查資料並多寫題目，
遇到不熟的圖表很多都可以用現有知識與邏輯來推理，多練習多記就不用慌👌

至於數學，可以說是除了多練習之外別無他法❌
雖然範圍比高中數學窄了許多（甚至不包含很麻煩的指數與對數），
但需要習慣專有名詞的日文以及引導式作答的思維💬
答題時一定要計時⏱！！！就可以避免寫不完的問題（小編的數學就是因為這樣爆炸的😭）

有任何疑問或想法都可以私訊或留言告訴我們唷～

#eju準備",CAROUSEL_ALBUM,45,410,272
9,2021-03-12T10:43:27+0000,,23,1,"一路過關斬將，成為一年僅十位的獎學金生實在不容易
但所謂天下沒有白吃的午餐，其實想領獎學金也有許多的眉眉角角需要遵守⚠️
今天應援站就要來向大家介紹那些不可忽視的注意事項，先確認過才不會後悔啦！

首先，並不是一到日本就可以馬上有大學可以念❌
在真正進大學打滾之前，所有合格者都必須在語言學校接受為期半年的預備教育
課程大略是日文、英文與文、理組的專業科目📚
但老實說，最有幫助也是唯一會記得（x）的內容是信件和敬語等的較正式的日文（其他⋯⋯不好說🤫
關於語言學校，之後也會有更詳細的內容告訴大家其中的各種秘辛🔒

再來，畢竟是給錢讓你來日本，交流協會勢必希望大家好好待在日本體驗文化和生活
因此每年離開日本的日數最多只能28天🚫
除此之外，每個月都必須於大學簽名確認自己有待在日本好好上課
如果沒有簽名，當月是領不到錢的！

還有，一年必須提交兩次學習狀況報告書、一次學年成績單
主要除了確認大家在日本的收穫之外，也監督大家不要太混📖
據說在語言學校期間的成績和出席率更會影響到簽證的取得與效期長短😧
所以還是要好好認真上課讀書啦！

廢話不多說，小編要來打1200字的報告書了😢

有什麼疑問或意見都歡迎留言或私訊唷！

#留學不吃土",CAROUSEL_ALBUM,34,406,273
10,2021-03-13T14:31:07+0000,,27,6,"上次介紹了文組科目的唸書小技巧，
今天應援站就要告訴大家可以用哪些參考書來協助自己複習
圖片頁數比以往多一點，先謝謝大家的耐心閱讀🙇🏻‍♀️

首先，針對綜合科目，很多考生都會使用
『日本留学試験対策　ハイレベル総合科目』這本書（記得要選改訂過的最新版本！）
不僅涵蓋所有內容，還附有數回的練習題，
可以說是一本很值得購買的超濃縮書籍！👍
另外，還可以參考高中用的課本與講義，或是閱讀圖表資料集來彌補書上的舊資訊
如果心有餘力想追求更高的分數，也推薦大家使用日本高中生的社會科講義來補齊更加詳細的內容💬

而對於數學Ｉ，推薦大家可以使用
『日本留学試験対策　速効　数学コースＩ』來抓重點和考前複習，
並使用高中生用的數學講義和題本學習更詳細的知識，
以及增加自己的練習量✏️

當然如上一篇所說，除了這些參考書以外，
不斷練習考古題並加以訂正也相當重要！！！⭕️
讓知識確實進入腦中並不斷反覆記憶、練習，
真正需要派上用場時就會變得容易許多，所向無敵拿高分啦💯

上述日文書籍都可以在Amazon或紀伊國屋書店等等的日系書店購買唷！
如果有任何問題或建議，歡迎大家多多留言或私訊我們😉

#eju準備",CAROUSEL_ALBUM,60,438,290
11,2021-03-14T12:56:10+0000,,25,1,"上一篇貼文有提到就算考上獎學金還是要上半年的語言學校，
今天應援站就來告訴大家在語言學校的生活秘辛🤫

首先，針對課程方面，語言學校的課業其實不重😃
課程裡最實用的絕對是日文課的書信、報告及敬語等等的正式日文🙇🏻‍♀️
無論是外國人或是日本人，使用敬語是工作時基本中的基本，
因此趁早記起來並確保自己能流暢使用不僅比較不失禮，
甚至有可能提升印象分數唷👍

另外，語言學校很精彩的一環絕對不能不提到宿舍生活🛏
不只房租超便宜，還位於新宿這種超精華地段，
想去哪都很方便，假日有空就可以到處趴趴走👣
除此之外，還可以認識很多來自不同國家的人🌏
大家在廚房邊煮飯邊聊天，或是一起在宿舍大廳寫作業、吃飯等等⋯⋯
現在回想起來都是溫暖又美好的回憶啊☺️

順帶一提，語言學校有時會有一些新奇的活動
例如在路上當志工發衛生紙，或是去國小介紹自己的國家並與小學生交流🏫
總而言之，有很多很多的第一次都在語言學校發生，
而那些第一次都很新奇又寶貴✨

P.s. 這次介紹是針對 JASSO的東京日本語教育センター（錄取獎學金後，無論想去日本的哪裡讀大學，都會在這讀半年）
日本還有很多其他的語言學校，每間都各有特色，建議大家除了課程本身之外也可以查查住宿和活動等等，把生活體驗列入考量唷🪄

有任何問題都可以私訊或留言喔～

#留學不吃土",CAROUSEL_ALBUM,30,438,315
12,2021-03-15T14:43:11+0000,,20,1,"讓各位理組生們久等了！
在介紹完文科之後，就讓應援站來說說留學試驗理組科目的考試秘訣吧🔬

理組考生除了共同科目的日文以外，通常選擇應考理科與數學II，
其中理科是從物理、化學、生物三科當中依照理想的大學科系選擇兩科來應考✍️

曾經也是考生的小編，把當時注意到的要點跟撇步分享給各位！希望可以幫助到未來的考生們🙏

物理考科不包含電容和RLC電路的範圍，有需要購買參考書自修。此外物理最怕在計算上花費太多時間，拖到後面的考科。因此建議在練習時就養成45分鐘內寫完的習慣⏱

化學考科要注意再內容及觀念上的差異，以免不知道為什麼自己答錯，問高中老師也沒頭緒喔😵 化學其實計算量非常少，通常25分鐘內完答不是問題，但要注意回答的正確率，不要輕易落入題目的陷阱囉😢

生物考科當年小編沒有考，問了身邊有考過的友人，說要背很多專有名詞，但觀念台灣其實都有教過所以不難👌

理科考試時間80分鐘，若選了物理可能會有些時間壓力，但透過練習就會習慣考試的節奏和緊張的氣氛啦⭕️

數學II要注意微積分的部分內容比台灣更深，同樣需要自己買書預習📖 因為題目是引導式，所以其實多練習過後都能看出出題者的意圖，會成為作答時的線索。練習考題時，盡量在60~70分鐘內完成，剩下時間用來檢查（一定要檢查！⚠️）記得對完答案後要訂正，下次遇到相同的題型就知道怎麼算了😆

關於各科推薦的參考書會在下一篇「理組參考書篇」為各位做解答！

有任何問題都可以再留言或私訊我們提問唷☺️

#eju準備",CAROUSEL_ALBUM,32,411,290
13,2021-03-16T12:55:31+0000,,32,1,"交流協會獎學金系列終於邁入尾聲啦🎉
最後一篇帶大家來看看常有的迷思❓和小編常常被問到的問題🤔
-
當初報獎學金時💵 小編以為用報名獎學金的EJU成績就能申請大學了！但其實不然，到日本後還要經過一連串手續才能拿到大學的合格通知書噢😯
-
此外想念早大慶應的人只能說聲抱歉啦🙇🏻🙇🏻 交流協會獎學金只有補助特定的國立大學喔❗️

小編的學校也有短期到美國交換的計畫✈️ 當時覺得很有興趣
問交協也有得到同意，但期間的獎學金沒有補助的樣子😞
-
回台灣渡假時常被問到錢夠用嗎？成績還好嗎？什麼時候要回台灣啊？

首先每個月有117,000日幣的生活費，東京地區加3000，再加上學費也有另外補助，其實只要房租伙食省一點，一個月是很夠活的👌🏼👌🏼

就算覺得想多花點錢在娛樂上😎 只要找份打工其實一個月多賺2~3萬日幣也不無小補！關於打工必須有的資格外活動許可，之後會再跟大家介紹噢😉

成績的部分，小編對個人的要求比較高，會「想要」每一科都拿A（做夢）😴 但其實不用那麼學霸也沒有關係的，交流協會不會因為你都只拿C就取消獎學金資格呦🤣

至於什麼時候會回台灣呢，小編是蠻想在國外唸完研究所再回家的
不只是能學到更先進的學問、技術，也有交流協會可以經濟支持小編的目標，沒有不繼續攻讀碩博的理由呀😁😁
-
給剛到日本或想來日本的朋友一點建議

大家在某個時間一定會需要更新簽證（在留卡），請注意❗️❗️聽說找地方的出張所會比較容易拿到4年的簽證呦❗️❗️

身邊有太多朋友到品川等地方的入管局辦理更新，結果只拿到2年
還是建議問問看身邊拿到4年簽的友人是到哪裡辦的噢😀

有什麼其他的問題都歡迎留言詢問😁
想繼續關注留日訪談系列、日本生活系列的朋友歡迎追蹤
日本留學應援站👉🏼 @univ_support.jp

#留學不吃土",CAROUSEL_ALBUM,43,496,350
14,2021-03-17T13:57:44+0000,,26,1,"日本留學試驗EJU系列也邁入尾聲了🎉
上一篇介紹了理組的唸書技巧，今天應援站要和大家分享推薦的數學及理科的參考書！
-
首先，針對需要大量刷題的數學II，小編推薦模擬題本『行知学園 EJU模擬試験数学コース2』

此外對於想從頭複習的人，小編推薦『凡人社 速効数学コース2』，這本覆蓋了EJU全範圍，內容以單元排序且簡單易懂，很適合自修用😄
-
理科部份，因為在內容和觀念上台日有些差異，建議先購買日本高中生的課本從頭讀一遍📖

想練習的話，推薦『ハイレベル理科 物理・化学・生物』，題目豐富，但解答有些地方寫得不太好就是了😞
-
以上，日本留學試驗EJU系列也要下台一鞠躬了🙇
謝謝各位一路以來的支持！明天開始會上傳

📣留日訪談系列的第一集📣

第一集請到的是目前就讀東京大學3年級的同學
歡迎分享給對東大有興趣的朋友喔❗️

追蹤應援站持續關注👉 @univ_support.jp

#eju準備",CAROUSEL_ALBUM,45,476,312
15,2021-03-18T11:00:06+0000,,33,1,"選校系時應該很多人都會覺得迷惘，不清楚校內的真實狀況是如何😔
今天應援站訪問了現正就讀於東京大學工學部的W桑，
讓在日本待了兩年多的他說說來到日本的理由以及關於東大的大小事吧✨

選校選系不再迷惘！
追蹤我們來得知更多大學校內秘辛🤫👉 @univ_support.jp

#留日訪談",CAROUSEL_ALBUM,48,462,326
16,2021-03-19T11:00:48+0000,,24,1,"上篇請東京大學工學部的W桑分享選擇東大的理由，及東大的特色😄 

這篇要繼續請他分享大家最好奇的「大學生活🌲」及「日本生活🍜」！無論是想來日本留學或旅遊，或單純好奇外國的生活情況，今天的生活篇都可以作為參考呦😉
-
看完生活篇的訪談，大家有更想來日本留學、生活了嗎😄

社團活動在日本是非常受重視的，不只是累積團隊共事的經驗，也能交到要好的朋友❗️

有機會來留學的話一定要體驗看看噢👍
-
下一篇的建議篇W桑會提到日本留學的現實面，及對於想來日本留學的人的建議，想持續關注的話就追蹤

日本留學應援站👉 @univ_support.jp
我們下篇再見！

#留日訪談",CAROUSEL_ALBUM,31,382,280
17,2021-03-20T11:14:25+0000,,29,1,"上篇請東京大學工學部的W桑分享在東大的生活和在日本生活的點滴😄 

這篇要來窺探他的內心❤️ 聊聊在日本生活的心得、體悟，以及對未來想到日本留學的人有什麼建議😌
-
看完建議篇的訪談，大家有改變想來日本留學的想法嗎🤔

雖然出國一定會很想家，很不捨原本的生活😞 但出去見見世面後，一定能學到一些留在台灣無法體悟的事情❗️

有機會來留學的話一定要體驗看看噢👍
-
之後我們會開始新的「日本生活系列🗻」也會偶爾分享我們的留學生活照噢📷 想持續關注的話就追蹤

日本留學應援站👉 @univ_support.jp
我們明天見😆

#留日訪談",CAROUSEL_ALBUM,38,389,295
18,2021-03-23T11:53:34+0000,,29,1,"身為留學生總是想能省則省💰
今天應援站就要告訴大家讓手機電信費變便宜的秘訣👉格安SIM📱

一般通稱為四大電信的有SoftBank、Docomo、au、Rakuten，
電信費通常需要五千日圓以上😱
但因為不是一筆小數字，許多人會選擇使用Line mobile、UQ、Y! mobile及BIGLOBE等等的格安SIM📱

顧名思義，格安SIM通常比四大電信便宜三千至四千日圓💴
除了價格親民，使用起來也沒有太多的不便，
甚至有些電信公司有提供社群軟體免流量的服務🤩
因此十分適合住家有wifi，且常在外使用社群軟體的學生族群👩‍🎓

但四大電信還是有它們的優點⭕️
因為有自己的線路，使用起來還是會比格安SIM穩定，
而且常常有許多優惠方案🎁（例如送通話時數，或是與家人一起申辦會比較便宜等等）
所以還是要依照自己的需求來選擇適合用哪種電信公司唷！
-
之後還想看更多留學生活的小撇步🪄就要持續關注
日本留學應援站👉 @univ_support.jp 

下次見啦😆

#生活應援站",CAROUSEL_ALBUM,42,369,284
19,2021-03-24T11:44:21+0000,,22,5,"#站務員日記 - 2021.03.24 ☀️

前幾天在飛機上看到了好藍好藍的天空，順手拍了下來📷
心中想著，接下來又要面對好多挑戰了啊...一邊盼望著自己努力的成果能與藍天一樣美💭",IMAGE,31,329,258
20,2021-03-25T11:28:27+0000,,29,2,"之前有人在限動敲碗想知道小編怎麼學日文
今天我們要來告訴大家練日文聽力與口說的小秘訣💡
抓到訣竅就能更快熟悉這個語言啦～👍

練聽力與口說共可以分為三個步驟，
第一個步驟就是好好聽日本人怎麼說日文👂
至於該選什麼來當練習資源，小編覺得挑語速適中、語調自然而且適合模仿的都行！
邊追動漫邊聽也可、邊看帥哥邊聽日劇說什麼也可😛（喂
有動力去聽最重要啦！！

接下來，便是模仿聽見的語句的階段💬
小編在語言學校時，日文老師大力推薦シャドーイング(shadowing)這個方法，
顧名思義就是像影子一樣邊聽邊複誦🗣（唸的時候也要注意自己的語調）
不求聽得懂意思，但要聽清楚語調，
這樣才能更熟悉日文的抑揚頓挫唷！

最後就是把聽到語句的消化成自己的東西💭
建議大家可以把語句拆成小區塊來分析句意，
並在熟悉後試著挖空填詞（像國小的時候一樣照樣造句的感覺👧🏻）
如此一來就可以一生十、十生百，
最終就會成為自己的語彙庫了💪

今天的分享先到這邊～
下次還會有更多關於學日文的撇步！
想知道更多就要持續追蹤
日本留學應援站👉 @univ_support.jp

下次見啦😉",CAROUSEL_ALBUM,40,421,320
21,2021-03-26T11:39:02+0000,,51,1,"小編上禮拜才剛從台灣回來日本，在搭飛機前還有到了日本之後都跑了不少手續🏃‍♂️
於是這次想把回日本流程的第一手資訊帶給大家！
（順帶一提，因為小編已經有留學簽證，所以是以再入國的方式進來日本的！日本現在還沒有開放新規入國，還沒來但想來日本留學的朋友們要再等等喔⏱）

就算有再入國簽證，想進來日本還是沒有那麼簡單😣
從搭機前直到到達為止，要努力跑完第二頁的所有闖關關卡（？
詳細流程大家可以看圖片，這邊就打一些小編回來跑完流程的感想🤔

首先，被戳鼻孔真的痛爆了🤢
醫生都不數123先預告直接戳進來，小編也直接眼淚噴出來😭

除此之外，到日本後在機場跑的流程簡直在玩RPG似的(x
大概把羽田機場第3航廈從頭到尾跑透了，還等了幾乎3個小時😵
誠摯建議大家一定要先裝好3款App以節省自己跟他人的時間，
也希望機場出個解謎遊戲之類的，等到實在太無聊了😪（想得美

另外，日本在普篩吐口水的小隔間牆上真的有貼梅子跟檸檬耶🍋😂
看來望梅止渴可能是真的有效...？🤔

總而言之，來日本的大家都辛苦了（無論是身心或是荷包君😅
小編在隔離生活中也會繼續分享給大家關於留學的資訊跟生活點滴的！💪

想看更多日本留學生活或知道更多留學需要的資訊就要持續關注
日本留學應援站👉 @univ_support.jp

我們下次見👋

#生活應援站",CAROUSEL_ALBUM,82,526,393
22,2021-03-27T11:15:55+0000,,36,5,"#站務員日記 - 2021.03.27 ☀️

看到 @liulifejp 和 @machihistory 去賞櫻的照片，
除了感受到春天氣息，也覺得好羨慕🥺
雖然隔離出去都要梅雨季了😅但健康第一！還是乖乖待在家裡，看去年的目黑川櫻花過過乾癮好了！",IMAGE,44,481,396
23,2021-03-28T12:56:42+0000,,34,3,"不知道大家有沒有學日文學很久了，卻在某天突然發現自己的用法不自然的經驗😱
今天小編就要來分享關於學日文的三個迷思，
大家可以看看圖片和以下的文章，瞭解到底應該注意哪些地方唷！

首先，相信很多人都是透過動漫學日文的（小編身邊也有許多人都是🙆🏻‍♀️
動漫的確是一個對日文產生興趣的好教材，
但有些言詞在現實生活中使用可能不是那麼恰當😅
例如在動漫裡常常出現てめえ這個詞來指「你」，
但事實上這是一個非常失禮的詞，就算對再熟的朋友也不能說❌（說了可能會讓友誼的小船翻覆的那種🤭
所以建議在對日文有充分了解之前，先不要學動漫人物說話比較好！

再來，當遇到不會的字，查字典是個好選擇沒錯🤔
但就像英文有搭配字一樣，日文也有コロケーション(collocation)
例如中文說「吃藥」，但日文並不會說「薬を食べる」🙅🏻‍♀️而會說「薬を飲む」
因此在查字典時，建議也要看看例句來瞭解自然的用法唷😀

最後小編想分享的是，日本與中文同樣使用許多漢字，
但其實寫法不同的字有很多！！！
像小編在語言學校時寫單純的「純」卻被老師劃掉，
事後才發現日文的「純」右上不是平平的一橫！！😨
有時就是這麼一兩劃的差異而已💦所以大家在看日文的漢字時也可以多注意一下和中文字的差異喔⚠️

如果大家有什麼關於學日文的迷思或新發現都可以在下面留言或私訊給我們唷😉
也別忘記持續關注
日本留學應援站👉 @univ_support.jp 

大家下次見🙋🏻‍♀️",CAROUSEL_ALBUM,43,510,418
24,2021-03-30T10:00:05+0000,,56,3,"日本除了注重言語上的禮貌之外，穿得不失禮也非常重要‼️
在接近各大學入學式的今天，我們就要告訴大家在大學階段裡常遇到的特殊場合中該怎麼穿，記起來就不會被眾人當笑話看啦！（裡面偷藏了幾張小編的照片，歡迎大家發掘😳）

上了大學後第一個參加的正式活動想必是入學式🏫
男生女生都是穿著西裝，女生想穿裙子褲子都可以🙆🏻‍♀️
偶爾在新聞會看到穿奇裝異服的同學，但小編恥力沒有這麼高🤦🏻‍♀️

接下來就是在滿20歲那個年度會參加各地區的成人式🎉
男生大多穿西裝，女生穿振袖👘（袖子很長的和服）
沒有硬性規定要穿什麼，但畢竟是個一生只有一次的經驗，
大家都會穿著正裝，打扮得漂漂亮亮的去參加🥰

至於找工作，還分為打工面試與大三下之後會參加的就職活動💼
打工面試的穿著取決於工作的性質與內容，
如果是補習班教師等等會要求穿著西裝，
但多數打工（餐飲、雜貨等等）都是私服面試就可以了⭕️
然而私服也不是指隨便穿就行，還是要配合工作環境的氛圍選擇合適的偏正式的衣服喔👔

而關於就職活動，最被要求的是清潔感以及fresh的感覺（就是很菜但很有幹勁(??
所以眉角比打工的面試多了不少⚠️
例如西裝和襯衫的顏色大多更樸素，也更要求莊重感
總之要把自己最乾淨、整齊又有朝氣的一面表現出來啦💪

最後要介紹的就是為大學生活劃下句點的畢業典禮
男生常穿西裝（沒錯又是西裝😯），女生很多人會穿小振袖加袴(Hakama，指下半身那件裙子)
但其實也有人會穿西裝和洋裝，並沒有硬性規定唷！👌
除此之外，也有學校會穿學士服，甚至有些學生會弄特殊裝扮👗

小編覺得男生可以用一套西裝打天下真好🥺
雖然不像女生的服裝一樣有多樣性，可是好省錢，也挺羨慕的🤣😛

想看更多關於生活的小知識就要持續關注
日本留學應援站👉 @univ_support.jp

我們下次見～🙋🏻‍♀️

#生活應援站",CAROUSEL_ALBUM,74,609,485
25,2021-03-31T10:44:47+0000,,25,4,"#站務員日記 - 2021.03.31 🌤

隔離生活快進入尾聲了，每天奮鬥的赤富士拼圖也快進入尾聲了🧩🗻

雖然每天翻找2016片的拼圖都覺得近視要加深了，還有好幾度在內心後悔發誓不要再買這種大片雲海不知道到底該從哪裡開始拼的拼圖🙃
但還好有這個大玩具可以拿來打發時間，看著看著也是挺有成就感的😊🥰

配上另外兩隻龍龍系列小良伴 （其實藍色的角落生物是蜥蜴🤫）",IMAGE,33,502,408
26,2021-04-01T10:21:34+0000,,43,2,"身為大學生的小編在學校裡和同學溝通常常會聽到許多大學生用語🎓
於是今天小編決定想跟大家分享這些詞彙！
但先大大警告⚠️這集的日文非常非常非常不正式⚠️
千萬不要在工作或跟長輩說話的時候用，不然...😖（小編不敢想像了
對日文還沒有十足的掌握度的話，大家可以先知道意思就好！

第一部分是每天都常聽到的慣用語句，
像是てかさ、わかる、…説ある等等，小編幾乎每天都聽同學在說😂

除此之外我們還列了一些實際聽過的若者言葉💬
顧名思義就是若者（年輕人）會使用的言葉（詞彙）
像是ガチで、エグい、ウケる、ワンチャン、エモい等等，
可以說是平常說話或Twitter上都特別常聽到看到的詞！
後面都有附中文意思給大家，可以參考看看😉

題外話，這些詞彙之所以會跟大家說在不夠熟悉之前別使用，
除了因為詞彙本身就不符合有禮貌的敬語之外，
使用起來會給人一種很輕浮的感覺也是原因之一😥
用這些詞在同儕之間拉近距離是個好方法沒錯，
但就連有些年輕人都會對這些詞持有負面印象了，更不用說是需要使用敬語的大場面，
這些詞彙絕對絕對不能用❌❗️❗️

以上就是今天的大學生詞彙庫啦！
下一篇聽說是訪談！！想看更多留日大學生的生活的話記得持續追蹤
日本留學應援站👉 @univ_support.jp 

大家下次見🙌",CAROUSEL_ALBUM,69,492,360
27,2021-04-02T10:20:07+0000,,52,4,"高中讀三類卻愛上文學從此轉組！？
慶應裡都是官二代、富二代嗎？
-
能知道大學秘辛的訪談系列上線啦🎉
這次邀請了私費考上名門私大 慶應義塾大學 就讀文學部二年級的N桑！

一起來看看愛動漫因而決心學日文的他，有什麼有趣的日本留學小故事吧！😉
-
下一篇會提到關於N桑的日常生活與休閒娛樂，想知道更多的話就追蹤

日本留學應援站👉 @univ_support.jp 
我們下篇見！☺️

#留日訪談",CAROUSEL_ALBUM,69,509,373
28,2021-04-03T10:39:09+0000,,47,1,"來日本自己煮到變小廚神！？
一整年都線上上課交得到朋友嗎？
-
今天留日訪談系列第二集一樣是慶應文學部的N桑🧑🏻
不同於小編這屆還有一年過了典型的大學生活，N桑從入學以來就經歷了入學式停辦、新歡活動（歡迎新生的活動）停辦、還有不停的線上上課...😞
幾乎一整年都待在家裡不能亂跑的話生活會很無聊嗎？一起來聽聽N桑在防疫生活中最真實的意見吧☺️
-
希望大家在看完這篇能更加了解疫情中的日本生活的模樣😷

下篇會提到N桑給想來日本留學的同學們的建議！想持續關注的話別忘記追蹤
日本留學應援站👉 @univ_support.jp 

另外也歡迎大家加入N桑的線上打牌群組～
對遊戲王卡有興趣的人可以看看下方連結😉👇
https://discord.gg/DnCm4Xw

我們下次見～🙋🏻‍♀️",CAROUSEL_ALBUM,55,471,341
29,2021-04-04T10:08:56+0000,,48,3,"來日本留學到底值不值得？
讀慶應又值不值得呢？
-
在訪談系列第二集的最後一篇，我們請N桑分享了對於日本留學的感觸，以及給大家的建議💬

果然離開美食寶島台灣難免會想念各種台灣味（小編已經餓起來了），但也就是犧牲一些才能獲得新的美好吧☺️
人生只有一次，何不勇敢踏出舒適圈呢！💪
-
下篇會邀請兩位在日文一竅不通的狀態就勇闖日本讀語言學校的勇士們，請他們說說關於語言學校跟自己的學習故事！🏫

也請大家繼續關注、追蹤
日本留學應援站👉 @univ_support.jp 

大家下次見～😉",CAROUSEL_ALBUM,59,483,357
30,2021-04-07T10:15:16+0000,,41,5,"結帳下去才發現怎麼變貴了😱
到底要怎麼知道哪些含稅哪些不含稅...😞
-
很多人都說日本是購物天堂🛍但不知道大家有沒有過結帳下去才發現「天哪！怎麼變貴了😱」的烏龍經驗...
今天我們要跟大家分享怎麼分辨含稅（税込）跟不含稅（税抜）的價格標示，以後來日本血拼就不會看不懂啦！

跟台灣不一樣，日本的消費稅被視為外稅（就是額外加上去的稅務），所以標價以往可以是含稅價也可以是不含稅價💰（順帶一提，現在消費稅是10%噢！）

但就是因為可以有太多種標價方法了，藏在角落用小字寫的「本体価格、税別、＋税」有時連日本人也沒有發現或搞不清楚🙃 於是財務省在今年4月1日更改法律，讓標價變得更好懂了🙆🏻‍♀️

新法規定，每家店的標價都需要清楚標示總額💴 不能藏在不起眼的角落，也不能用與背景相似的顏色標示❌（不只是菜單標價，店家的傳單跟招牌也都是在範圍內噢！）小編馬上去超市拍了張新標價的圖給大家看看💁🏻‍♀️
大家下次來日本就看寫税込的數字就可以了～🥳（或直接看最貴的數字也可以🤣）

但說到店家招牌也算在規定內這件事情，可能有人會想到百元商店跟百元迴轉壽司需不需要改名🤔
小編查一查發現財務省說，大家已經對於店名有既定印象的話就不用改🎉

幸好不用改，不然110元商店感覺好像進派出所買東西一樣🤭（喂

如果想知道更多跟在日本的生活小知識或留學生活的模樣，記得持續追蹤關注
日本留學應援站👉 @univ_support.jp 

我們下次見😉",CAROUSEL_ALBUM,55,619,507
31,2021-04-08T07:49:43+0000,,49,3,"#站務員日記 - 2021.04.08 ⛅️
-
哈囉各位我是🔧編！第一次執筆站務員日記～
會不會有人想說「🔧編是誰啊？」其實我一直都在啦🤣 
大家感覺蠻喜歡的（自己講😎）訪談系列是我負責的 
偶爾也會回回私訊跟留言✉️

以下是關於回到東大校園上課的一點日常紀錄✏️
-
今天是大三上開學第4天❗️（我們是4月入學

很多人開學都會有種憂鬱的情緒，但這4天對🔧編來說，其實是這幾個月來最充實的幾天😆 

大三上開始，除了週三之外每天下午都是實驗課！重回校園的感覺很不錯，尤其搬家後其實還沒去過學校幾次，什麼都感覺很新鮮😍 （偶爾會在學校迷路

但也不是每堂課都會到學校上課，目前採用混合式教學（應該大部分的學校都是），用線上上課效果好的就持續線上💻 有必要現場操作的才採取對面

除了實驗課之外，這學期也選了一堂跟新創有關的課，昨天第一次上課就有許多啟發💡 有一句印象很深的話「創業不是目的，而是達成目標手段！」

在這裡透露一下，其實應援站的最終目標是想要擴大成一個統合留學需要的資訊及能和現役留學生直接交流的平台💬

靈感來自於我們自身的經驗！當初來日本其實懵懵懂懂，很多事都是靠自己慢慢摸索、Trial and Error完成的😔 對於高中剛畢業想來留學的人其實很不容易... 

可能對於某些人在人生地不熟的地方自由探索是一種樂趣🚶 某些人會感到不安 一樣米養百種人～ 希望這樣的一個平台 能讓想來日本留學的人不用再東找西找零碎的資訊 也能滿足留日大學生們相互交流的需求😄
-
如果你看到這裡，謝謝你願意看完一個陌生人的長篇大論🤣
不知道大家喜不喜歡這樣的日記內容😥 會不會沒人看到這裡...

圖中是安田講堂，右滑有夜間版本",CAROUSEL_ALBUM,58,660,534
32,2021-04-10T10:37:33+0000,,43,1,"日文被說不自然是在笑我發音太爛嗎😢！？
要怎麼找到適合的用詞啊？
-
在語校學習時，老師有特別提點一些中文圈的人特別容易犯的錯誤❌
今天就要用一些例句來考考大家哪裡不自然，並告訴各位找到適合搭配用詞的方法！
上方圖片有題目，可以先在心裡想個答案再看下面的解答噢💭
.
.
.
.
.
.
解答防雷(｡･ω･｡) (◐‿◑)﻿ (((o(*ﾟ▽ﾟ*)o)))
.
.
.
.
.
.
解答✏️
Lv. 1
1. 應說 初めまして。私はワンです。更自然可以省略 私は。注意介紹自己不可以加さん！
2. 應說 美味しいものが大好きです。形容詞後面不用加の
3. 應說 ごめん。今日は忙しいから行けない。想在形容詞後接原因，加から就可以了！
4. 應說 スーパーに行った時、もう閉まってた。想說「...的時候」，不需要在動詞後面加の
5. 應說 昨日寒かったよね！別忘記イ形容詞的過去式是...かった
Lv. 2
1. 應說 授業中、スマホを いじらない/使用しない でください。遊ぶ會用在玩玩具、玩電動或出去玩等等
2. 應說 うわっ！寒いね！風強くない？通常說風雨的大小時，會使用 強い/弱い
3. 應說 来週の旅行、どのホテルに泊まる？住む指的是長期居住，泊まる才是指數天程度的短期居住
4. 應說 今度引っ越したら広い部屋に住みたい。空間大小較常用 広い/狭い 來形容
5. 應說 髪を乾かさないと風邪ひくよ！吹く是指風吹沒錯，但吹頭髮的日文會說「把頭髮弄乾」
Lv. 3
1. 應說 大丈夫です！先生が助けてくれました！…てくれる、…てもらう在中文就是「幫我...」的意思，但前面的助詞不一樣
2. 應說 先生にこの文章を添削して頂いた。…て頂く 是 …てもらう 的敬語形，而 …てくださる是 …てくれる 的敬語形
3. 應說 (弊社の)山田は席を外しております。稱呼自己公司的員工不會加さん
4. 應說 先生、また明日。ありがとうございました。注意 ご苦労様です 是帶有一些上對下的含義，不建議用於長輩、師長和上司。對老師直接說謝謝即可
5. 應說 いつもお世話になっております。お世話する 是指照顧別人，而 お世話になる 是指受別人照顧
-
至於搜尋用詞的方法，大家可以參考倒數第二張圖片喔！

想看更多學日文撇步記得繼續追蹤關注
日本留學應援站👉 @univ_support.jp 

我們下次見🙋🏻‍♀️",CAROUSEL_ALBUM,61,710,576
33,2021-04-12T06:36:54+0000,,57,10,"雖然好想去留學，但聽說日本消費很高...
沒有什麼概念，不知道到底會花多少錢😥
-
今天我們想跟大家分享在日本這個高消費國家裡生活所需的花費，讓大家對於追求夢想中的現實面有更詳細的了解🤔

學生的花費大多可以分為 房租水電網路、交通費、伙食費、娛樂費與雜費，依個人的消費習慣而花費不同🛍

首先，針對房租，通常離學校、車站及都心越近的房租會越貴，但住離學校較遠的話需要花上學的通勤費🚃 大家可以衡量看看怎麼住比較舒服、比較省再審慎做決定💡
想省錢還有另一個方法！學校如果有宿舍，通常房租水電都比外面便宜許多💰 （但不一定離學校近就是了，願意通勤的人可以好好考慮一下🧐）

伙食費可以說是個人最好調整的項目（意思就是月底快吃土就先砍這裡😢）
留學生想省錢的話非常非常建議自己煮🍜或真的懶也可以去吃學校的學餐，偶爾去吃外食就好了（真的太貴了😢

娛樂費也是相對好控制的項目，只要不用 Apple Music 聽音樂，不看 Netflix, 不去旅遊吃美食，不到GU買新衣就可以把娛樂費壓到近乎零円（但不太可能這麼做🥲）

而雜費涵蓋如健保費、家中用品費（如衛生紙）、電信費等等，也是比較難調整金額的項目😓但還是有方法可以省錢，像之前貼文提過的「將電信公司更換成格安SIM」就是一個好方法👍

當然是視地區與生活習慣而有所差異，但只要勤勞、節儉一點，還是有可能將費用壓在5、6萬日圓左右的🥳

之後我們也會補充留學生補貼生活費的注意事項和各種實用的省錢小撇步，想得知更多消息就要持續追蹤關注
日本留學應援站👉 @univ_support.jp 

我們下次見👋

#留日應援 #univsupport #生活應援站 #日本留學 #留學生活 #日本 #大學生 #留學生 #消費 #購物 #吃飯 #自炊 #省錢 #生活費 #吃土",CAROUSEL_ALBUM,85,730,569
34,2021-04-14T10:15:50+0000,,44,0,"#站務員日記 - 2021.04.14 ☁️
-
大家好！我是🍛總裁～
其實只是換了個新名字而已，我們以前就見過了🤣
舉凡貼文 留言 限時動態 私訊等等，我都常常出現🙋🏻‍♀️
也因為掌管了應援站的大大小小事務，所以被取了一個跟長相個性都完全不搭(?)的霸氣名字

-
前幾天終於在放假的空閒時間去東京巨蛋附近走走👣其實會來這裡是因為這邊有很多好吃餐廳，甚至有春水堂，一時興起之下就決定跑來這裡吃晚餐了（也可以看到為了美食的行動力不容小覷🤭）

本來打算要吃春水堂的，但在選擇障礙發作猶豫之後，後來突然決定想吃炒飯，於是就飛奔其他中華料理😂飯後還吃了抹茶蛋糕也喝了抹茶冰沙🤤相當令人滿足的美食之旅就這麼告一個段落（春水堂就先當個美麗的遺憾，下次再來💪）

雖說之前放了三個月的長到不行的春假，但還是有種意猶未盡的感覺😂（要知足我知道）開學了確實有回歸正常生活的感覺，現在去學校還能見見同學、交交新朋友也不錯。但接踵而來的作業跟課程，外加找工作的準備流程還是會產生壓力...想逃避的時候就會想找好吃的東西（像這天一樣）

不像🔧編一樣那麼喜歡開學，但🍛總裁我還是會繼續好好面對現實的🥲當然，深深了解「休息是為了走更長遠的路」的道理，好好念書、努力生活之外還是會找時間放鬆，偶爾出門走走放風的感覺還是挺不錯的😌
-
送大家一張回程拍的夜景照📷

#東京 #東京巨蛋 #東京ドーム #日本旅遊 #日本留學 #日本生活 #大學生 #留學生活 #手機攝影 #攝影 #写真好きな人と繋がりたい #夜景 #撮影",IMAGE,47,629,526
35,2021-04-15T10:21:10+0000,,65,11,"寫日文報告、志願理由不能像寫日記一樣❗️
EJU記述好困難不知道怎麼寫...😣
-
想當初學日文時 🔧編也會偶爾用日文寫寫日記 嘗試應用剛學會的文法✏️
一直到開始準備留學試驗EJU才發現 日文不是「把說出來的話寫下來」就能變成好文章😮

今天應援站為大家整理了5步驟 一步一步幫你改善你的日文論述😆
（當然要一夕之間全部達成很困難 但只要願意慢慢調整 這5點最後就會變成一種習慣 加油❗️
-
Step 1 分清楚口頭及書面用語
如果你有寫日記的習慣 或正在寫志願理由📄
可以檢查看看有沒有用到所謂的「話し言葉（口語日文）」💬
小編在這邊列舉了一些常見用詞的 話し言葉 和 書き言葉，
在寫正式文書的時候記得一定要使用右排的書面用語才不會顯得失禮喔💦（也要去看看例句，才能用得自然👌）

Step 2 縮短你的句子！
為了方便閱讀和釐清句意，不建議大家寫充滿逗號又落落長的文句🙅🏻‍♂️
如果句子真的很長，先把句子拆成兩句，再用連接詞串起來就會變得好懂很多！

Step 3 善用連接詞
上一個步驟有提到可以用連接詞來縮短句子，這裡就要告訴大家哪一些連接詞特別常用&好用👍
在第四張圖片，小編依照連接詞的用途分為 接續、舉例、因果、轉折、假設、換言之、結論 的七大類
每一個都是小編們在寫報告時常常在用的詞彙，記起來會很有幫助😉

Step 4 闡述意見時提供例證！
報告裡面除了闡述思緒和結論，舉例也是很重要的一環⚠️
就像是說故事要有劇情一樣，舉例可以讓報告更有邏輯，也能讓自己的想法、論點變得更具體！

Step 5 話說到一個段落要分段！
學生考試考到最後很容易注意力飄走，教授跟助教看報告也會😅
這時「適時換段落」就扮演著很重要的角色！
除了讓自己的意見看起來更有條理，也算是變相在提醒看到茫掉的教授「下一個重點在這裡❗️💁🏻‍♂️」
大家可以參考倒數第二頁的PREP法（一個段落一個論點，外加舉例）來論述，架構清楚也會幫助自己報告拿高分喔💯

-
其實學日文系列也快要告一個段落了😞不想錯過精彩的下一集就要持續追蹤關注
日本留學應援站👉 @univ_support.jp 

我們下次見👋

#留日應援 #univsupport #學日文 #日文學習 #大學生 #日本留學 #留學生 #作業 #報告 #大學 #eju #日本留學試驗",CAROUSEL_ALBUM,137,763,580
36,2021-04-16T12:28:16+0000,,37,7,"在日本開銷太高好想打工...😔
但沒辦這個手續隨便打工聽說會被遣返！？
-
上次在顯示動態問大家想怎麼省錢，
蠻多人都選擇了決定去賺更多錢的選項🤑
今天應援站就要告訴大家在日本打工必備的「資格外活動許可」是什麼以及該怎麼申請✏️

資格外活動許可顧名思義就是允許你做你在留資格以外的事情
以留學生來說就是指打工賺錢啦💰
只要有這個許可，就可以以一週28小時為限度去從事符合公序良俗的工作
如果沒有取得許可就打工，是可能會被剝奪在留資格的！
還是好好跑流程申請，別拿自己的未來開玩笑比較好🥲

那到底要怎麼申請呢？
其實最快的方法是在第一次來日本時（才剛要發給你在留卡的時候）直接在機場跟海關人員說想申請資格外活動許可
只要填表填一填就可以了👌輕鬆又簡單

但如果已經進來日本才發現也不會太遲
只是為了賺錢就需要額外付出一些勞力😅
只要去各個地區的入管局就可以申請（出張所也可以唷🙆🏻‍♀️
所需的資料跟流程圖放在第四張圖片，
大家可以參考看看！

文章到了尾聲，🍛在這邊祝大家身體健康學業事業順利發大財💵💵💵

想知道更多實用的日本生活小知識就要繼續追蹤關注
日本留學應援站👉 @univ_support.jp 

我們下次見🙋🏻‍♀️

#留日應援 #univsupport #日本留學 #日本生活 #賺錢 #打工 #資格外活動許可 #留學生活 #大學生 #入管",CAROUSEL_ALBUM,60,596,460
37,2021-04-18T15:34:35+0000,,55,3,"#站務員日記 - 2021.04.18 🌤
-
⚠️警告⚠️飢餓勿看（但相信大家都已經看到了😗

又到了令人雀躍的假日，外頭天氣陰雨綿綿，卻不阻擋🍛的被學姐學妹包圍之覓食之旅。

先是和社團學姐一起吃了和風義大利麵，濃郁的豆乳白醬醬汁配上溫泉蛋，鮮美的貝柱更是令人難以忘懷。

之後到了吉祥寺，在享受完唱歌的愉悅後外頭依舊下著大雨，便與可愛學妹一起前往アトレ的地下一樓，猶豫了一番最後選擇奔向漢堡排🥩
店員將柔軟又多汁漢堡排切半，中間被烤盤烤得微發焦香，再搭上清爽的烤蔬菜解解膩......

打到這邊，🍛後悔了......好餓啊！！！！！！！！😢

#日本留學 #東京 #吉祥寺 #東京美食 #漢堡排 #餓 #手機攝影 #写真好きな人と繋がりたい #撮影 #東京グルメ #義大利麵",CAROUSEL_ALBUM,62,787,650
38,2021-04-19T14:51:04+0000,,101,5,"通過日檢是不是就代表我學好日文了？
日常生活中會用到的日文可能比你想像中還要更多！？😱
-
很多人在學日文時會把考過日檢N1當作目標，更是有很多大學校系會把日文檢定當作畢業門檻🎓
學日文系列的最終章，我們想和大家聊聊對於日文檢定的看法💭

畢竟不一定所有人都考過日本語能力試驗，🍛在這裡先簡單幫這個考試做個介紹！

日本語能力試驗主要的考試內容有言語知識、讀解與聽解的三大考科，難易度由易至難有N5到N1五個等級✍️
也因此許多人會將日文的學習目標放在最難的N1上

但說實話，就住在日本生活的我們與其他身邊朋友看來，其實在日常生活中用到N1程度的日文（尤其是文法）的機會真的真的很少😓

但考這個考試真的這麼沒意義嗎？並不是這樣的！！
身為外國人，無論是申請大學、簽證甚至找工作，都非常需要這張文憑❗️
對於日本人來說，日檢證照可以說是一個便於判斷外國人日文程度的基準🇯🇵

大家可能會納悶，那到底有哪些技能會是實際上用得到的？
以在讀大學的小編們為例，不只要聽懂課堂、演講，有時還要用日文與同學討論、報告，除此之外用敬語寫信聯絡教授與打電話也是必備的技能📞

說了這麼多，並不是想跟抹滅大家讀課本學日文的努力！
沒有課本知識的穩固基礎，就更不用說要學習怎麼應用😞
我們想跟大家說的是，別把日檢N1當作學日文的終點，一張紙並不代表全部。

這只是個開啟更多新世界的大門而已呢🚪😉

#留日應援 #univsupport #學日文 #日文學習 #日本語能力試験 #n1 #jlpt #大學生 #日本留學",CAROUSEL_ALBUM,141,866,676
39,2021-04-20T12:30:21+0000,,63,4,"好多人到日本的語言學校上課，學費感覺又很貴，不是自學就好了嗎❓語言學校除了日文還能學什麼🤔
-
這次的訪談系列和以往不同，找來了從「東京日本語教育センター」畢業的Ｍ桑與Ｐ桑，聊聊他們在日文0基礎的狀態下進入語言學校後的故事❗️

如果你正在計畫要去語言學校學日文，或在猶豫該不該花錢讀語言學校的話，這集訪談你絕對不能錯過😆

東京日本語教育センター位於新宿附近，在台灣也算是名聲頗好的語言學校👍 如果看完這篇訪談讓你也對在語言學校的生活產生興趣，不妨上網搜尋看看喔😉
-
按照慣例！下一篇是關於Ｍ桑與Ｐ桑在語言學校的日常生活，不想錯過的話記得追蹤

日本留學應援站👉 @univ_support.jp
我們下篇見！🤗

#留日訪談 #留日應援 #univsupport #日本留學 #語言學校 #學日文 #日文學習 #新宿 #東京日本語教育センター #日本語能力試験 #jlpt #留學代辦",CAROUSEL_ALBUM,88,824,628
40,2021-04-21T13:22:25+0000,,69,1,"在語言學校的生活到底長什麼樣子😯？
剛來日本又遇到什麼文化衝擊或犯了什麼錯誤呢❓
-
今天就要邀請M桑與P桑分享在語言學校的日常生活🌳
看到他們分享的精彩內容，連🍛都覺得好想再回去唸一段語言學校，過這麼多采多姿的生活🤤

除此之外，我們也請他們分享了剛來日本時感受到的文化衝擊和剛學日文時犯的可愛錯誤🤣💓
🍛因為習慣日文了，現在不會在句尾加中文語助詞
但反倒會在中文裡面一直欸抖欸抖 そうだね
嗯......這好像又是另一個大問題🤦🏻‍♀️🥲
（不知道大家會不會也越學越久就全部語言都混在一起講😅
-
下一篇我們請M桑與P桑以過來人的身分，給大家一些關於語言學校與學習上建議📖
如果想知道更多就要繼續追蹤關注
日本留學應援站👉 @univ_support.jp 

大家下次見🙋🏻‍♀️

#留日應援 #univsupport #留日訪談 #語言學校 #新宿 #學日文 #日本留學 #日本生活 #大久保 #jlpt #日本語能力試験",CAROUSEL_ALBUM,86,1019,760
41,2021-04-25T12:10:10+0000,,73,0,"在語校上完日文，去大學真的聽得懂嗎？😥
來語言學校學語言，到底有什麼獨特的優點呢？
-
在訪談系列ep3的最後一篇，我們邀請M桑與P桑給有留學夢的大家一點建議💬

每到一個新環境，勢必都要重新習慣新生活
🍛也曾經有過對日文一竅不通就跑來日本的經驗，
正是因為自己也曾經感受過處在人生地不熟的國度中的害怕，🍛其實很佩服M桑P桑如此毅然決然就來日本唸書☺️

裡面也有提到，在語言學校的體驗和學習都是很寶貴又難忘的經驗🥰
如果經濟許可，不妨勇敢幫自己的人生添加一點色彩吧！
就算一路上跌跌撞撞，所有挑戰終究都會成為自己面對未來的力量💪
（🍛單押成功😎 但也在此一起強烈呼籲⚠️不要想說來日本就不用會英文！！絕對後悔！！！⚠️）

想了解更多留學生們的留學秘辛🤫就要繼續追蹤關注
日本留學應援站👉 @univ_support.jp 

我們下次見🙌

#留日應援 #univsupport #留日訪談 #語言學校 #日本語学校 #日文學習 #留學代辦 #新宿 #日本語能力試験 #jlpt",CAROUSEL_ALBUM,91,1118,825
42,2021-07-11T09:33:14+0000,,46,1,"連錢包都不帶就可以出門血拼！？
留學生一定要知道的無現金支付大統整！
-
真的很不好意思讓大家等這麼久🙏
隆重回歸的第一篇，🍛想跟大家聊聊日常生活中缺少不了的「無現金支付」💳

無現金支付在日文被稱為「キャッシュレス決済（けっさい）」，
聽起來也許陌生，但其實就是大家所稱的行動支付+各種卡片🤣

在日本常用的無現金支付有3大類，分別是
接触（せっしょく）IC決済、非接触（ひせっしょく）IC決済和QR決済
至於詳細資訊，接下來幾篇會針對各種付款方法做介紹，敬請大家期待✨

再來說個實際的個人體驗，🍛跟🔧編都是半年沒去ATM領錢過的重度使用者😂
無論是吃飯或在下課時趕時間買瓶飲料，嗶一下就可以直接衝教室真的真的很方便🥺
雖然刷卡刷下去的瞬間沒有掏錢的感覺，但打看應用程式都會清清楚楚寫著幾月幾日在哪裡花了多少錢💸
對於每次都忘記記帳的🍛來說，簡直是個像神一樣的工具👍

雖然很方便，但還是要小心分期付款的利息跟年會費的問題，否則得不償失啊🥲

想知道更多窮留學生的付款方式活用術，記得持續追蹤關注
日本留學應援站👉 @univ_support.jp 

我們下次見🙋🏻‍♀️

#留日應援 #univsupport #生活應援站 #日本購物 #日本留學 #日本生活 #行動支付 #購物 #血拼 #趕時間 #學日文 #cashless #suica #linepay #paypay #信用卡 #省時",CAROUSEL_ALBUM,53,910,661
43,2021-07-21T10:47:46+0000,,52,0,"#站務員日記 - 2021.07.21☀️
-
上次🍛去星巴克喝了最近火紅的都道府縣星冰樂（正確來說好像叫JIMOTO フラペチーノ）
東京的口味搭配是咖啡加咖啡凍，是種安全不雷的味道👍

其他地方還有茶類跟水果類的星冰樂，甚至有像把零食倒進去攪一攪的口味🤔
實在好奇到想現在出發把日本全國都喝過一遍！

當然，光用想的就知道不可能😌
東京今天又1800多個人確診了…還是乖乖待在家裡好了😇

#日本留學 #星巴克 #星冰樂 #jimotoフラペチーノ #咖啡 #東京美食 #美食 #東京",CAROUSEL_ALBUM,55,751,535